{
    "loss": 0.21237069368362427,
    "accuracy": 0.9482758641242981
}